Customer Name,Review,Rating,Helpful Votes,Funny Votes
76561199141679921,Very goood game if you are from Russia or you are just racist you will find lots of friends.,Recommended,111,60
76561199884102578,"Counter-Strike 2 - this isn’t a shooter, it’s a mental stability test. You go in as a normal person and come out wanting to uninstall everything. Your teammates do everything except play the game, while enemies play like it’s a tournament. Gunplay is a joke: you stand still and miss, the enemy runs and lands a headshot. Balance? Probably exists. No one explained it to me. 10 missed shots out of 10.",Recommended,168,71
76561198878876128,"Hackers hackers hackers everygame, valve doesnt care since they make ♥♥♥♥♥♥♥ of money from this game regardless",Not Recommended,128,17
76561199577366977,very interesting game I broke two mice and headphones and a phone and I don't have a phone right now so I'm playing CS,Recommended,43,51
76561199850965103,"You play well = cheater
You play bad = noob
You do a headshot = cheater
You hear info and can navigate the map = cheater
You kill someone = cheater
In general this game is trash!",Not Recommended,136,30
76561197981915477,"Counter-Strike 2 is a fantastic game if you enjoy getting screamed at by a 14-year-old with 9,000 hours while being flashbanged into another dimension. I loaded in for “a couple matches” and suddenly it was 4AM, my mental health was gone, and I was arguing with Russians about why we should maybe not rush B for the 12th round in a row.

The matchmaking is basically a social experiment. One teammate thinks he’s in the Major finals, another is playing with a steering wheel, and the last guy hasn’t bought armor since 2017. Somehow the enemy team always has a guy named “xX_HeadshotMachine_Xx” who hits one-taps through smoke while eating cereal.

10/10 game. I hate it. See you tomorrow.",Recommended,26,18
76561198141430579,"Get yourself a friend, play wingman, go do absolutely silly strats until the enemy team gets so pissed they get tilted and cant play properly, win. 

CS2 is a game of mental fortitude",Recommended,30,5
76561199127701778,"After 580 hours, I can confidently say my mental health has taken a scenic route straight off a cliff 
NA Premier is a comedy show. I’d genuinely rather play on EU 150+ ping than queue up with teammates who treat comms like a myth, strategy like a rumor, and teamwork like a personal attack.",Not Recommended,24,8
76561199236678728,"ragebaiting game
meet cheater
good cheater
yellow cheater
friend cheater
good game
",Recommended,8,3
76561198715882977,"Absolutely unplayable. CS2 is a massive downgrade from CS:GO, but the worst part is the completely broken anti-cheat. The game is absolutely infested with cheaters right now. It feels like every single match has someone blatantly using wallhacks or an aimbot. VAC is a complete joke. Don't waste your time or sanity downloading this hacker playground.",Not Recommended,17,0
76561199492902908,"Great Game.
Great Graphic.
So many Toxic Players fun to abuse each other.
Challenge your Stress level.
Shooting is so good that enemy doesn't die even your crosshair is over his HEAD.
Filled with decent amount of Hackers.
VAC works but no one know when!
Fun to Play.

Just love it and also hate it
T_T",Recommended,11,2
76561198963608852,"Be respectful of others and avoid conflicts. Prioritize fun and camaraderie. When you lose or play poorly, analyze your mistakes and focus on improvement without blaming yourself. Communicating with your teammates and playing strategically are key to winning. Don't forget to use your microphone.",Recommended,608,15
76561199813772035,"Counter-Strike 2 feels like Valve took a legendary game, put it through a washing machine, and forgot to check if anything still works afterward.

Sure, the smoke physics are fancy now—great, I can’t see anything in higher resolution. It’s like being blinded, but in 4K. Every match is a coin flip between a tactical masterpiece and five people running around like they just discovered the keyboard yesterday.

The servers? Amazing. I love getting shot after I’ve already taken cover. It really adds that “time travel” mechanic no one asked for.

And then there’s playing with my friend Toivo105. Watching him play is like observing a scientific study on how many wrong decisions a human can make in 30 seconds. He moves like he’s permanently surprised, buys weapons like he’s shopping blindfolded, and somehow turns every round into a mystery novel where the main question is: “How did it go this wrong?” You don’t get mad—you just sit there, impressed in a deeply concerned way.

The ranking system also deserves an award for confusion. I’ve seen better organization in a sock drawer during an earthquake.

Yet somehow, despite the chaos, the bugs, and the emotional damage, I keep coming back. At this point, I’m not playing to win—I’m playing to see what new and creative way the game will disappoint me next.

10/10 would uninstall and reinstall again at 3AM.",Not Recommended,7,4
76561199200690842,I love this game its worth ur time. Its maybe hard in the beginning but u will get it with time.,Recommended,11,1
76561198979046439,"If you hate yourself and having any sort of fun playing games, this is the game for you.",Not Recommended,13,0
76561199786360330,bullllllllllshet game............... the bullshet company not ban the mf cheaters!!!! but u will get cooldwon because insult to piece of shet cheaters + their party friends who get boosted.............. what a game,Not Recommended,7,0
76561199541379277,"Does this game even have a anti cheat? If you boot up the game, look at the almost non existant official modes then select... I don't know... Deathmatch, because that sounds fun... You will be met with entire lobbies of spin botting farming bots who does instant 180 headshots and gets 47+ kills a game with 100% headshot ratio. And you can report them, check back a month later and that account is still not banned. Playing a cod game from 2009 has less cheaters than this game. Valve also takes 4 years to remake and release a map that someone else already made for them a decade ago. No operations in years, this is just a terrible soup where the only thing the developers do is release new skins and music kits and one map in the same timespan it takes another studio to make Red Dead Redemption 2 and this game has absolutely zero working anti cheat.",Not Recommended,2,0
76561199561600477,"One of the best game before now its just piece of ♥♥♥♥ , you go premier all game ( low/end elo ) player with cheat , 0 ban you play legit cant push ladder because full cheat . People aimbot , wallhack 0 ban the game is dead dont play cs .

Buy prime for play vs cheater good moov",Not Recommended,4,0
76561198716109615,"This is my second account, i’m 100% legit but i have low trust factor and it’s crazy how many cheaters there are. Jumping and hitting wallbangs through smoke and Vac don’t do nothing about it. 10 games in a row there was cheaters either on mine or enemy team (mostly both) I’m soloq tho so it’s even harder. I feel like Valve don’t even wanna ban them, hope i would fix it without having to buy skins as someone said it does affect trust factor, VALVE PLEASE DO YOUR JOB I DON’T WANNA STOP PLAYING THE GAME BUT CHEATERS ARE MAKING ME DO IT",Recommended,2,1
76561198790397030,"Bom jogo, o problema são os xitters.Bom jogo, o problema são os xitters.",Recommended,2,0
